Assignment	T-Volume	Atom 1		Volume		T-Volume		S/N  		Atom 1		Atom 2			dist		lit min	lit max	lit obsd		
ArgHa	-630000000	4	7	-564000000		-630000000		43		ArgHa	4	AgrHb	7		2,5478920387		2,17	3,65	2,39		0,1578920387
ArgNH	-81400000	2	7	-235000000		-81400000	ga	11		ArgNH	2	AgrHb	7		3,5684586038		2,63	3,22	2,74		0,8284586038
ArgHa	-747000000	4	10	-1320000000		-747000000		60		ArgHa	4	AgrHg	10		2,6099368308		2,24	2,82	2,65		-0,0400631692
ArgNH	-251000000	2	10	-124000000		-251000000	ga	11		ArgNH	2	AgrHg	10		3,468818134		2,71	3,46	3,17		0,298818134
GlyNH	-317000000	26	10	-101000000		-317000000	ga	10		GlyNH	26	AgrHg	10		3,4066226415						 
ArgNH	-550000000	2	4	-667000000	ga	-550000000	ga	120		ArgNH	2	ArgHa	4		2,5398026961		2,17	3	2,99		-0,4501973039
GlyNH	-730000000	26	4	-457000000	ga	-730000000	ga	79		GlyNH	26	ArgHa	4		2,550390154		2,43	3,23	2,42		0,130390154
AspNH	-391000000	33	35	-32700000	ga	-391000000	ga	33		AspNH	33	AspHa	35		3,0281124507		2,56	3,13	3,02		0,0081124507
PheNH	-1040000000	45	35	-123000000		-1040000000	ga	33		PheNH	45	AspHa	35		2,5590874311		2,15	2,63	2,38		0,1790874311
AspHa	-236000000	35	40	-702000000		-236000000		68		AspHa	35	AspHb	40		2,6524544617						 
AspNH	-386000000	33	40	-46900000	ga	-386000000	ga	13		AspNH	33	AspHb	40		3,0172906382		2,77	3,76	2,73		0,2872906382
AspHa	-49600000	35	39	-544000000		-49600000	ga	113		AspHa	35	AspHb'	39		2,8626357733						 
AspNH	-175000000	33	39	-123000000		-175000000		24		AspNH	33	AspHb'	39		3,2110398764		2,97	4,01	2,84		0,3710398764
AspNH	-1750000000	33	29	-344000000		-1750000000	ga	98		AspNH	33	GlyHa	29		2,3201654928		2,41	3,28	2,4		-0,0798345072
GlyHa'	-4930000000	28	29	-5340000000		-4930000000		1047		GlyHa'	28	GlyHa	29		1,78						 
GlyNH	-752000000	26	29	-397000000		-752000000	ga	106		GlyNH	26	GlyHa	29		2,5642581123		2,75	3,61	3,1		-0,5357418877
AspNH	-5320000000	33	28	-342000000		-5320000000	ga	53		AspNH	33	GlyHa'	28		1,9657129498		2,6	2,73	3,6		-1,6342870502
GlyNH	-307000000	26	28	-418000000		-307000000		111		GlyNH	26	GlyHa'	28		2,7688031167		2,42	3,29	2,6		0,1688031167
ArgNH	-108000000	2	26	-121000000	ga	-108000000	ga	28		ArgNH	2	GlyNH	26		3,355128534		3,13	3,83	3,55		-0,194871466
AspNH	-84600000	33	26	-81600000	ga	-84600000	ga	8		AspNH	33	GlyNH	26		3,5392391254						 
PheNH	-110000000	45	47	-100000000	ga	-110000000	ga	72		PheNH	45	PheHa	47		3,4039135927		2,74	3,49	3,05		0,3539135927
PheoH	-680000000	57;55	47	-167000000	ga	-680000000	ga	45		PheoH	53	PheHa	47		3,0283507441						 
PheHa	-492000000	47	51	-426000000		-492000000		111		PheHa	47	PheHb	51		2,661999458						 
PheNH	-201000000	45	51	-101000000		-201000000		40		PheNH	45	PheHb	51		3,2039120493						 
PheoH	-655000000	57;55	51	-321000000		-655000000	ga	92		PheoH	53	PheHb	51		2,9576386024						 
PheHa	-313000000	47	52	-461000000		-313000000		67		PheHa	47	PheHb'	52		2,7387869476						 
PheNH	-228000000	45	52	-267000000		-228000000		32		PheNH	45	PheHb'	52		2,9506263043						 
PheoH	-737000000	57;55	52	-361000000		-737000000	ga	83		PheoH	53	PheHb'	52		2,9001448225						 
AspNH	-138000000	33	45	-99000000		-138000000	ga	28		AspNH	33	PheNH	45		3,335981897		3,55	4,76	3,79		-0,454018103
PheNH	-449000000	45	57;55	-88000000	ga	-449000000	ga	18		PheNH	45	PheoH	53		3,2673151604						 
ArgNH	-1080000000	2	67	-852000000		-1080000000	ga	337		ArgNH	2	ValHa	67		2,3515121258		2,46	3,42	3,46		-1,1084878742
PheoH	-341000000	57;55	67	-8740000	ga	-341000000	ga	9		PheoH	53	ValHa	67		3,509370259						 
ArgNH	-185000000	2	71	-171000000	ga	-185000000	ga	18		ArgNH	2	ValHb	71		3,1172627499		2,66	3,49	2,66		0,4572627499
ValHa	-401000000	67	71	-296000000		-401000000		56		ValHa	67	ValHb	71		2,7870383619						 
ValNMe	-1820000000	80;81;82	71	-1090000000	ga	-1820000000	ga	240		ValNMe	65	ValHb	71		2,6376659147						 
PhempH	-26300000	61;59	77;78;79	-68100000	ga	-26300000	ga	21		PhempH	62	ValMe	76		5,6091040384						 
PheoH	-75800000	57;55	77;78;79	-99700000	ga	-75800000	ga	44		PheoH	53	ValMe	76		3,936774649						 
ValHa	-432000000	67	77;78;79	-594000000	ga	-432000000		142		ValHa	67	ValMe	76		3,1381766879						 
ValNMe	-484000000	80;81;82	77;78;79	-494000000	ga	-484000000	ga	263		ValNMe	65	ValMe	76		3,7989684373						 
ArgNH	-81100000	2	73;74;75	-119000000	ga	-81100000	ga	32		ArgNH	2	ValMe'	72		4,1209192441		2,86	3,7	3,64		0,4809192441
ValHa	-518000000	67	73;74;75	-733000000	ga	-518000000		180		ValHa	67	ValMe'	72		3,0361675462						 
ValNMe	-50500000	80;81;82	73;74;75	-223000000	ga	-50500000	ga	60		ValNMe	65	ValMe'	72		4,6978153149						 
ArgNH	-118000000	2	80;81;82	-116000000	ga	-118000000	ga	100		ArgNH	2	ValNMe	65		4,0148190465		2,62	3,2	2,73		1,2848190465
AspNH	-210000000	33	80;81;82	-54600000	ga	-210000000	ga	22		AspNH	33	ValNMe	65		3,9334199128		3,84	4,8	3,93		0,0034199128
GlyNH	-76000000	26	80;81;82	-17600000		-76000000	ga	10		GlyNH	26	ValNMe	65		4,6772362892		3,85	5,03	5,32		-0,6427637108
PheHa	-1450000000	47	80;81;82	-2480000000	ga	-1450000000	ga	1372		PheHa	47	ValNMe	65		2,5088220631		2,1	2,76	2,5		0,0088220631
PheNH	-83400000	45	80;81;82	-83500000	ga	-83400000		3		PheNH	45	ValNMe	65		4,2474267308		3,27	4,35	4,42		-0,1725732692
PhempH	-41300000	61;59	80;81;82	-164000000		-41300000	ga	3		PhempH	62	ValNMe	65		4,9278483716						 
PheoH	-100000000	57;55	80;81;82	-98400000	ga	-100000000	ga	72		PheoH	53	ValNMe	65		3,8571198254						 
ValHa	-127000000	67	80;81;82	-158000000	ga	-127000000		94		ValHa	67	ValNMe	65		3,8850308821						 
ArgHa	-208000000	4	15 or 16	-38600000		-208000000				ArgHa		ArgHd			3,7198140473						 
