atom1	atom2	lit_min	lit_max
4	7	2.17	3.65
2	7	2.63	3.22
4	10	2.24	2.82
2	10	2.71	3.46
26	10		
2	4	2.17	3
26	4	2.43	3.23
33	35	2.56	3.13
45	35	2.15	2.63
35	40		
33	40	2.77	3.76
35	39		
33	39	2.97	4.01
33	29	2.41	3.28
28	29		
26	29	2.75	3.61
33	28	2.6	2.73
26	28	2.42	3.29
2	26	3.13	3.83
33	26		
45	47	2.74	3.49
53	47		
47	51		
45	51		
53	51		
47	52		
45	52		
53	52		
33	45	3.55	4.76
45	53		
2	67	2.46	3.42
53	67		
2	71	2.66	3.49
67	71		
65	71		
62	76		
53	76		
67	76		
65	76		
2	72	2.86	3.7
67	72		
65	72		
2	65	2.62	3.2
33	65	3.84	4.8
26	65	3.85	5.03
47	65	2.1	2.76
45	65	3.27	4.35
62	65		
53	65		
67	65		
